reference,level,plot,radius_km,n_records,n_reference,n_epov,shared,reference_only,epov_only,coverage_pct,epov_detected_pct,jaccard,sorensen,simpson
eDNA,Species,PCG-121,10.0,3515,58,854,40,18,812,68.9655,4.6948,0.046,0.0879,0.6897
eDNA,Species,PCG-121,50.0,19635,58,2089,51,7,2036,87.931,2.4437,0.0244,0.0476,0.8793
eDNA,Species,PCG-121,100.0,26689,58,2565,52,6,2510,89.6552,2.0297,0.0202,0.0397,0.8966
eDNA,Species,PCG-168,10.0,3515,32,854,28,4,824,87.5,3.2864,0.0327,0.0633,0.875
eDNA,Species,PCG-168,50.0,19707,32,2100,31,1,2066,96.875,1.4783,0.0148,0.0291,0.9688
eDNA,Species,PCG-168,100.0,26690,32,2566,31,1,2531,96.875,1.21,0.0121,0.0239,0.9688
eDNA,Species,PCG-173,10.0,3515,67,854,49,18,802,73.1343,5.7579,0.0564,0.1068,0.7313
eDNA,Species,PCG-173,50.0,19771,67,2109,60,7,2043,89.5522,2.8531,0.0284,0.0553,0.8955
eDNA,Species,PCG-173,100.0,26690,67,2566,61,6,2498,91.0448,2.3837,0.0238,0.0465,0.9104
eDNA,Species,PCG-235,10.0,4012,33,875,30,3,843,90.9091,3.4364,0.0342,0.0662,0.9091
eDNA,Species,PCG-235,50.0,19268,33,2047,32,1,2013,96.9697,1.5648,0.0156,0.0308,0.9697
eDNA,Species,PCG-235,100.0,26983,33,2579,32,1,2544,96.9697,1.2422,0.0124,0.0245,0.9697
eDNA,Species,All plots,10.0,14557,93,889,67,26,819,72.043,7.5621,0.0735,0.1369,0.7204
eDNA,Species,All plots,50.0,78381,93,2116,82,11,2028,88.172,3.8863,0.0387,0.0744,0.8817
eDNA,Species,All plots,100.0,107052,93,2580,84,9,2489,90.3226,3.2647,0.0325,0.063,0.9032
eDNA,Genus,PCG-121,10.0,3515,46,456,42,4,414,91.3043,9.2105,0.0913,0.1673,0.913
eDNA,Genus,PCG-121,50.0,19635,46,849,46,0,803,100.0,5.4181,0.0542,0.1028,1.0
eDNA,Genus,PCG-121,100.0,26689,46,993,46,0,947,100.0,4.6324,0.0463,0.0885,1.0
eDNA,Genus,PCG-168,10.0,3515,30,456,29,1,427,96.6667,6.3596,0.0635,0.1193,0.9667
eDNA,Genus,PCG-168,50.0,19707,30,851,30,0,821,100.0,3.5253,0.0353,0.0681,1.0
eDNA,Genus,PCG-168,100.0,26690,30,993,30,0,963,100.0,3.0211,0.0302,0.0587,1.0
eDNA,Genus,PCG-173,10.0,3515,56,456,49,7,407,87.5,10.7456,0.1058,0.1914,0.875
eDNA,Genus,PCG-173,50.0,19771,56,854,56,0,798,100.0,6.5574,0.0656,0.1231,1.0
eDNA,Genus,PCG-173,100.0,26690,56,993,56,0,937,100.0,5.6395,0.0564,0.1068,1.0
eDNA,Genus,PCG-235,10.0,4012,28,466,28,0,438,100.0,6.0086,0.0601,0.1134,1.0
eDNA,Genus,PCG-235,50.0,19268,28,839,28,0,811,100.0,3.3373,0.0334,0.0646,1.0
eDNA,Genus,PCG-235,100.0,26983,28,996,28,0,968,100.0,2.8112,0.0281,0.0547,1.0
eDNA,Genus,All plots,10.0,14557,72,475,63,9,412,87.5,13.2632,0.1302,0.2303,0.875
eDNA,Genus,All plots,50.0,78381,72,856,72,0,784,100.0,8.4112,0.0841,0.1552,1.0
eDNA,Genus,All plots,100.0,107052,72,996,72,0,924,100.0,7.2289,0.0723,0.1348,1.0
eDNA,Family,PCG-121,10.0,3515,24,126,22,2,104,91.6667,17.4603,0.1719,0.2933,0.9167
eDNA,Family,PCG-121,50.0,19635,24,174,23,1,151,95.8333,13.2184,0.1314,0.2323,0.9583
eDNA,Family,PCG-121,100.0,26689,24,194,24,0,170,100.0,12.3711,0.1237,0.2202,1.0
eDNA,Family,PCG-168,10.0,3515,20,126,20,0,106,100.0,15.873,0.1587,0.274,1.0
eDNA,Family,PCG-168,50.0,19707,20,175,20,0,155,100.0,11.4286,0.1143,0.2051,1.0
eDNA,Family,PCG-168,100.0,26690,20,194,20,0,174,100.0,10.3093,0.1031,0.1869,1.0
eDNA,Family,PCG-173,10.0,3515,31,126,31,0,95,100.0,24.6032,0.246,0.3949,1.0
eDNA,Family,PCG-173,50.0,19771,31,175,31,0,144,100.0,17.7143,0.1771,0.301,1.0
eDNA,Family,PCG-173,100.0,26690,31,194,31,0,163,100.0,15.9794,0.1598,0.2756,1.0
eDNA,Family,PCG-235,10.0,4012,20,128,19,1,109,95.0,14.8438,0.1473,0.2568,0.95
eDNA,Family,PCG-235,50.0,19268,20,172,19,1,153,95.0,11.0465,0.1098,0.1979,0.95
eDNA,Family,PCG-235,100.0,26983,20,195,20,0,175,100.0,10.2564,0.1026,0.186,1.0
eDNA,Family,All plots,10.0,14557,36,130,34,2,96,94.4444,26.1538,0.2576,0.4096,0.9444
eDNA,Family,All plots,50.0,78381,36,175,35,1,140,97.2222,20.0,0.1989,0.3318,0.9722
eDNA,Family,All plots,100.0,107052,36,195,36,0,159,100.0,18.4615,0.1846,0.3117,1.0
Traditional,Species,PCG-121,10.0,3515,15,854,14,1,839,93.3333,1.6413,0.0164,0.0323,0.9333
Traditional,Species,PCG-121,50.0,19635,15,2089,14,1,2073,93.3333,0.6708,0.0067,0.0133,0.9333
Traditional,Species,PCG-121,100.0,26689,15,2565,14,1,2549,93.3333,0.5462,0.0055,0.0109,0.9333
Traditional,Species,PCG-168,10.0,3515,9,854,8,1,845,88.8889,0.9379,0.0094,0.0186,0.8889
Traditional,Species,PCG-168,50.0,19707,9,2100,9,0,2089,100.0,0.429,0.0043,0.0085,1.0
Traditional,Species,PCG-168,100.0,26690,9,2566,9,0,2555,100.0,0.351,0.0035,0.007,1.0
Traditional,Species,PCG-173,10.0,3515,16,854,14,2,840,87.5,1.6393,0.0164,0.0322,0.875
Traditional,Species,PCG-173,50.0,19771,16,2109,15,1,2093,93.75,0.7116,0.0071,0.0141,0.9375
Traditional,Species,PCG-173,100.0,26690,16,2566,15,1,2550,93.75,0.5848,0.0058,0.0116,0.9375
Traditional,Species,PCG-235,10.0,4012,14,875,12,2,863,85.7143,1.3714,0.0137,0.027,0.8571
Traditional,Species,PCG-235,50.0,19268,14,2047,12,2,2035,85.7143,0.5862,0.0059,0.0116,0.8571
Traditional,Species,PCG-235,100.0,26983,14,2579,12,2,2567,85.7143,0.4653,0.0046,0.0093,0.8571
Traditional,Species,All plots,10.0,14557,33,889,30,3,857,90.9091,3.3822,0.0337,0.0652,0.9091
Traditional,Species,All plots,50.0,78381,33,2116,31,2,2082,93.9394,1.4671,0.0147,0.0289,0.9394
Traditional,Species,All plots,100.0,107052,33,2580,31,2,2546,93.9394,1.2029,0.012,0.0238,0.9394
Traditional,Genus,PCG-121,10.0,3515,16,456,15,1,441,93.75,3.2895,0.0328,0.0636,0.9375
Traditional,Genus,PCG-121,50.0,19635,16,849,15,1,834,93.75,1.7668,0.0176,0.0347,0.9375
Traditional,Genus,PCG-121,100.0,26689,16,993,15,1,978,93.75,1.5106,0.0151,0.0297,0.9375
Traditional,Genus,PCG-168,10.0,3515,9,456,9,0,447,100.0,1.9737,0.0197,0.0387,1.0
Traditional,Genus,PCG-168,50.0,19707,9,851,9,0,842,100.0,1.0576,0.0106,0.0209,1.0
Traditional,Genus,PCG-168,100.0,26690,9,993,9,0,984,100.0,0.9063,0.0091,0.018,1.0
Traditional,Genus,PCG-173,10.0,3515,15,456,14,1,442,93.3333,3.0702,0.0306,0.0594,0.9333
Traditional,Genus,PCG-173,50.0,19771,15,854,14,1,840,93.3333,1.6393,0.0164,0.0322,0.9333
Traditional,Genus,PCG-173,100.0,26690,15,993,14,1,979,93.3333,1.4099,0.0141,0.0278,0.9333
Traditional,Genus,PCG-235,10.0,4012,14,466,13,1,453,92.8571,2.7897,0.0278,0.0542,0.9286
Traditional,Genus,PCG-235,50.0,19268,14,839,13,1,826,92.8571,1.5495,0.0155,0.0305,0.9286
Traditional,Genus,PCG-235,100.0,26983,14,996,13,1,983,92.8571,1.3052,0.013,0.0257,0.9286
Traditional,Genus,All plots,10.0,14557,33,475,32,1,443,96.9697,6.7368,0.0672,0.126,0.9697
Traditional,Genus,All plots,50.0,78381,33,856,32,1,824,96.9697,3.7383,0.0373,0.072,0.9697
Traditional,Genus,All plots,100.0,107052,33,996,32,1,964,96.9697,3.2129,0.0321,0.0622,0.9697
Traditional,Family,PCG-121,10.0,3515,13,126,13,0,113,100.0,10.3175,0.1032,0.1871,1.0
Traditional,Family,PCG-121,50.0,19635,13,174,13,0,161,100.0,7.4713,0.0747,0.139,1.0
Traditional,Family,PCG-121,100.0,26689,13,194,13,0,181,100.0,6.701,0.067,0.1256,1.0
Traditional,Family,PCG-168,10.0,3515,8,126,8,0,118,100.0,6.3492,0.0635,0.1194,1.0
Traditional,Family,PCG-168,50.0,19707,8,175,8,0,167,100.0,4.5714,0.0457,0.0874,1.0
Traditional,Family,PCG-168,100.0,26690,8,194,8,0,186,100.0,4.1237,0.0412,0.0792,1.0
Traditional,Family,PCG-173,10.0,3515,12,126,12,0,114,100.0,9.5238,0.0952,0.1739,1.0
Traditional,Family,PCG-173,50.0,19771,12,175,12,0,163,100.0,6.8571,0.0686,0.1283,1.0
Traditional,Family,PCG-173,100.0,26690,12,194,12,0,182,100.0,6.1856,0.0619,0.1165,1.0
Traditional,Family,PCG-235,10.0,4012,12,128,11,1,117,91.6667,8.5938,0.0853,0.1571,0.9167
Traditional,Family,PCG-235,50.0,19268,12,172,11,1,161,91.6667,6.3953,0.0636,0.1196,0.9167
Traditional,Family,PCG-235,100.0,26983,12,195,12,0,183,100.0,6.1538,0.0615,0.1159,1.0
Traditional,Family,All plots,10.0,14557,24,130,23,1,107,95.8333,17.6923,0.1756,0.2987,0.9583
Traditional,Family,All plots,50.0,78381,24,175,23,1,152,95.8333,13.1429,0.1307,0.2312,0.9583
Traditional,Family,All plots,100.0,107052,24,195,24,0,171,100.0,12.3077,0.1231,0.2192,1.0
