level,plot,n_eDNA,n_traditional,shared,eDNA_only,traditional_only,union,jaccard,sorensen,simpson
Species,PCG-121,58,15,8,50,7,65,0.1231,0.2192,0.5333
Species,PCG-168,32,9,3,29,6,38,0.0789,0.1463,0.3333
Species,PCG-173,67,16,6,61,10,77,0.0779,0.1446,0.375
Species,PCG-235,33,14,9,24,5,38,0.2368,0.383,0.6429
Species,All plots,93,33,19,74,14,107,0.1776,0.3016,0.5758
Genus,PCG-121,46,16,9,37,7,53,0.1698,0.2903,0.5625
Genus,PCG-168,30,9,5,25,4,34,0.1471,0.2564,0.5556
Genus,PCG-173,56,15,13,43,2,58,0.2241,0.3662,0.8667
Genus,PCG-235,28,14,10,18,4,32,0.3125,0.4762,0.7143
Genus,All plots,72,33,26,46,7,79,0.3291,0.4952,0.7879
Family,PCG-121,24,13,9,15,4,28,0.3214,0.4865,0.6923
Family,PCG-168,20,8,5,15,3,23,0.2174,0.3571,0.625
Family,PCG-173,31,12,10,21,2,33,0.303,0.4651,0.8333
Family,PCG-235,20,12,9,11,3,23,0.3913,0.5625,0.75
Family,All plots,36,24,19,17,5,41,0.4634,0.6333,0.7917
