radius_km,category,species,family,supported_by_epov
10.0,Both methods,Alchornea discolor,Euphorbiaceae,True
10.0,Both methods,Anemopaegma carajasense,Bignoniaceae,True
10.0,Both methods,Banisteriopsis stellaris,Malpighiaceae,True
10.0,Both methods,Bauhinia pulchella,Fabaceae,True
10.0,Both methods,Chamaecrista desvauxii,Fabaceae,True
10.0,Both methods,Cordiera myrciifolia,Rubiaceae,True
10.0,Both methods,Erythroxylum nelson-rosae,Erythroxylaceae,True
10.0,Both methods,Eugenia flavescens,Myrtaceae,True
10.0,Both methods,Heisteria ovata,Olacaceae,True
10.0,Both methods,Ipomoea marabaensis,Convolvulaceae,True
10.0,Both methods,Mimosa acutistipula,Fabaceae,True
10.0,Both methods,Monogereion carajensis,Asteraceae,True
10.0,Both methods,Norantea guianensis,Marcgraviaceae,True
10.0,Both methods,Ouratea castaneifolia,Ochnaceae,True
10.0,Both methods,Periandra mediterranea,Fabaceae,True
10.0,Both methods,Pouteria ramiflora,Sapotaceae,True
10.0,Both methods,Simarouba amara,Simaroubaceae,True
10.0,Both methods,Sobralia liliastrum,Orchidaceae,True
10.0,Both methods,Vellozia glochidea,Velloziaceae,True
10.0,eDNA only,Abrus melanospermus,Fabaceae,True
10.0,eDNA only,Aeschynomene rudis,Fabaceae,True
10.0,eDNA only,Alternanthera tenella,Amaranthaceae,False
10.0,eDNA only,Anthaenantia lanata,Poaceae,True
10.0,eDNA only,Aspilia attenuata,Asteraceae,True
10.0,eDNA only,Axonopus longispicus,Poaceae,True
10.0,eDNA only,Banara guianensis,Salicaceae,False
10.0,eDNA only,Banisteriopsis malifolia,Malpighiaceae,True
10.0,eDNA only,Banisteriopsis muricata,Malpighiaceae,True
10.0,eDNA only,Bauhinia longipedicellata,Fabaceae,True
10.0,eDNA only,Bignonia corymbosa,Bignoniaceae,True
10.0,eDNA only,Borreria elaiosulcata,Rubiaceae,True
10.0,eDNA only,Borreria semiamplexicaulis,Rubiaceae,False
10.0,eDNA only,Borreria verticillata,Rubiaceae,True
10.0,eDNA only,Byrsonima chrysophylla,Malpighiaceae,True
10.0,eDNA only,Byrsonima stipulacea,Malpighiaceae,False
10.0,eDNA only,Casearia javitensis,Salicaceae,False
10.0,eDNA only,Cavalcantia percymosa,Asteraceae,True
10.0,eDNA only,Chamaecrista nictitans,Fabaceae,False
10.0,eDNA only,Chromolaena maximilianii,Asteraceae,False
10.0,eDNA only,Crotalaria maypurensis,Fabaceae,True
10.0,eDNA only,Cuphea carajasensis,Lythraceae,True
10.0,eDNA only,Deguelia amazonica,Fabaceae,False
10.0,eDNA only,Dioclea apurensis,Fabaceae,True
10.0,eDNA only,Dioclea bicolor,Fabaceae,False
10.0,eDNA only,Dioclea virgata,Fabaceae,True
10.0,eDNA only,Diplopterys pubipetala,Malpighiaceae,False
10.0,eDNA only,Eleocharis flavescens,Cyperaceae,True
10.0,eDNA only,Gouania pyrifolia,Rhamnaceae,False
10.0,eDNA only,Hildaea tenuis,Poaceae,True
10.0,eDNA only,Hirtella pilosissima,Chrysobalanaceae,True
10.0,eDNA only,Hydrolea spinosa,Hydroleaceae,False
10.0,eDNA only,Inga alba,Fabaceae,True
10.0,eDNA only,Inga rubiginosa,Fabaceae,False
10.0,eDNA only,Ipomoea maurandioides,Convolvulaceae,True
10.0,eDNA only,Lantana paraensis,Verbenaceae,False
10.0,eDNA only,Lippia grata,Verbenaceae,True
10.0,eDNA only,Mandevilla scabra,Apocynaceae,True
10.0,eDNA only,Manihot quinquepartita,Euphorbiaceae,True
10.0,eDNA only,Melochia arenosa,Malvaceae,True
10.0,eDNA only,Melochia splendens,Malvaceae,True
10.0,eDNA only,Miconia heliotropoides,Melastomataceae,True
10.0,eDNA only,Mimosa piresii,Fabaceae,True
10.0,eDNA only,Mimosa xanthocentra,Fabaceae,True
10.0,eDNA only,Myrcia bracteata,Myrtaceae,True
10.0,eDNA only,Myrcia guianensis,Myrtaceae,True
10.0,eDNA only,Myrcia multiflora,Myrtaceae,True
10.0,eDNA only,Myrcia sylvatica,Myrtaceae,True
10.0,eDNA only,Neea floribunda,Nyctaginaceae,False
10.0,eDNA only,Neea oppositifolia,Nyctaginaceae,True
10.0,eDNA only,Panicum arctum,Poaceae,False
10.0,eDNA only,Parapiqueria cavalcantei,Asteraceae,True
10.0,eDNA only,Parkia platycephala,Fabaceae,True
10.0,eDNA only,Paspalum foliiforme,Poaceae,False
10.0,eDNA only,Passiflora glandulosa,Passifloraceae,True
10.0,eDNA only,Passiflora tholozanii,Passifloraceae,True
10.0,eDNA only,Passovia pedunculata,Loranthaceae,True
10.0,eDNA only,Perama carajensis,Rubiaceae,True
10.0,eDNA only,Phyllanthus minutulus,Phyllanthaceae,True
10.0,eDNA only,Pilocarpus carajaensis,Rutaceae,True
10.0,eDNA only,Pilocarpus microphyllus,Rutaceae,True
10.0,eDNA only,Protium sagotianum,Burseraceae,False
10.0,eDNA only,Psychotria hoffmannseggiana,Rubiaceae,False
10.0,eDNA only,Rhynchospora barbata,Cyperaceae,True
10.0,eDNA only,Sabicea grisea,Rubiaceae,False
10.0,eDNA only,Senegalia polyphylla,Fabaceae,False
10.0,eDNA only,Sinningia rupicola,Gesneriaceae,False
10.0,eDNA only,Swartzia arumateuana,Fabaceae,False
10.0,eDNA only,Tabernaemontana macrocalyx,Apocynaceae,True
10.0,eDNA only,Tilesia baccata,Asteraceae,False
10.0,eDNA only,Trichanthecium nervosum,Poaceae,False
10.0,eDNA only,Turnera coerulea,Turneraceae,False
10.0,eDNA only,Turnera glaziovii,Turneraceae,True
10.0,eDNA only,Vellozia glauca,Velloziaceae,True
10.0,Traditional only,Anthurium lindmanianum,Araceae,True
10.0,Traditional only,Axonopus purpusii,Poaceae,False
10.0,Traditional only,Byrsonima crassifolia,Malpighiaceae,True
10.0,Traditional only,Byrsonima spicata,Malpighiaceae,True
10.0,Traditional only,Callisthene microphylla,Vochysiaceae,True
10.0,Traditional only,Cereus jamacaru,Cactaceae,False
10.0,Traditional only,Cissus erosa,Vitaceae,True
10.0,Traditional only,Croton subferrugineus,Euphorbiaceae,True
10.0,Traditional only,Cuphea annulata,Lythraceae,True
10.0,Traditional only,Dioclea guianensis,Fabaceae,True
10.0,Traditional only,Lippia origanoides,Verbenaceae,True
10.0,Traditional only,Myrcia cuprea,Myrtaceae,True
10.0,Traditional only,Philodendron acutatum,Araceae,True
10.0,Traditional only,Premna serratifolia,Lamiaceae,False
50.0,Both methods,Alchornea discolor,Euphorbiaceae,True
50.0,Both methods,Anemopaegma carajasense,Bignoniaceae,True
50.0,Both methods,Banisteriopsis stellaris,Malpighiaceae,True
50.0,Both methods,Bauhinia pulchella,Fabaceae,True
50.0,Both methods,Chamaecrista desvauxii,Fabaceae,True
50.0,Both methods,Cordiera myrciifolia,Rubiaceae,True
50.0,Both methods,Erythroxylum nelson-rosae,Erythroxylaceae,True
50.0,Both methods,Eugenia flavescens,Myrtaceae,True
50.0,Both methods,Heisteria ovata,Olacaceae,True
50.0,Both methods,Ipomoea marabaensis,Convolvulaceae,True
50.0,Both methods,Mimosa acutistipula,Fabaceae,True
50.0,Both methods,Monogereion carajensis,Asteraceae,True
50.0,Both methods,Norantea guianensis,Marcgraviaceae,True
50.0,Both methods,Ouratea castaneifolia,Ochnaceae,True
50.0,Both methods,Periandra mediterranea,Fabaceae,True
50.0,Both methods,Pouteria ramiflora,Sapotaceae,True
50.0,Both methods,Simarouba amara,Simaroubaceae,True
50.0,Both methods,Sobralia liliastrum,Orchidaceae,True
50.0,Both methods,Vellozia glochidea,Velloziaceae,True
50.0,eDNA only,Abrus melanospermus,Fabaceae,True
50.0,eDNA only,Aeschynomene rudis,Fabaceae,True
50.0,eDNA only,Alternanthera tenella,Amaranthaceae,False
50.0,eDNA only,Anthaenantia lanata,Poaceae,True
50.0,eDNA only,Aspilia attenuata,Asteraceae,True
50.0,eDNA only,Axonopus longispicus,Poaceae,True
50.0,eDNA only,Banara guianensis,Salicaceae,True
50.0,eDNA only,Banisteriopsis malifolia,Malpighiaceae,True
50.0,eDNA only,Banisteriopsis muricata,Malpighiaceae,True
50.0,eDNA only,Bauhinia longipedicellata,Fabaceae,True
50.0,eDNA only,Bignonia corymbosa,Bignoniaceae,True
50.0,eDNA only,Borreria elaiosulcata,Rubiaceae,True
50.0,eDNA only,Borreria semiamplexicaulis,Rubiaceae,False
50.0,eDNA only,Borreria verticillata,Rubiaceae,True
50.0,eDNA only,Byrsonima chrysophylla,Malpighiaceae,True
50.0,eDNA only,Byrsonima stipulacea,Malpighiaceae,True
50.0,eDNA only,Casearia javitensis,Salicaceae,False
50.0,eDNA only,Cavalcantia percymosa,Asteraceae,True
50.0,eDNA only,Chamaecrista nictitans,Fabaceae,True
50.0,eDNA only,Chromolaena maximilianii,Asteraceae,False
50.0,eDNA only,Crotalaria maypurensis,Fabaceae,True
50.0,eDNA only,Cuphea carajasensis,Lythraceae,True
50.0,eDNA only,Deguelia amazonica,Fabaceae,True
50.0,eDNA only,Dioclea apurensis,Fabaceae,True
50.0,eDNA only,Dioclea bicolor,Fabaceae,False
50.0,eDNA only,Dioclea virgata,Fabaceae,True
50.0,eDNA only,Diplopterys pubipetala,Malpighiaceae,True
50.0,eDNA only,Eleocharis flavescens,Cyperaceae,True
50.0,eDNA only,Gouania pyrifolia,Rhamnaceae,False
50.0,eDNA only,Hildaea tenuis,Poaceae,True
50.0,eDNA only,Hirtella pilosissima,Chrysobalanaceae,True
50.0,eDNA only,Hydrolea spinosa,Hydroleaceae,True
50.0,eDNA only,Inga alba,Fabaceae,True
50.0,eDNA only,Inga rubiginosa,Fabaceae,True
50.0,eDNA only,Ipomoea maurandioides,Convolvulaceae,True
50.0,eDNA only,Lantana paraensis,Verbenaceae,True
50.0,eDNA only,Lippia grata,Verbenaceae,True
50.0,eDNA only,Mandevilla scabra,Apocynaceae,True
50.0,eDNA only,Manihot quinquepartita,Euphorbiaceae,True
50.0,eDNA only,Melochia arenosa,Malvaceae,True
50.0,eDNA only,Melochia splendens,Malvaceae,True
50.0,eDNA only,Miconia heliotropoides,Melastomataceae,True
50.0,eDNA only,Mimosa piresii,Fabaceae,True
50.0,eDNA only,Mimosa xanthocentra,Fabaceae,True
50.0,eDNA only,Myrcia bracteata,Myrtaceae,True
50.0,eDNA only,Myrcia guianensis,Myrtaceae,True
50.0,eDNA only,Myrcia multiflora,Myrtaceae,True
50.0,eDNA only,Myrcia sylvatica,Myrtaceae,True
50.0,eDNA only,Neea floribunda,Nyctaginaceae,False
50.0,eDNA only,Neea oppositifolia,Nyctaginaceae,True
50.0,eDNA only,Panicum arctum,Poaceae,False
50.0,eDNA only,Parapiqueria cavalcantei,Asteraceae,True
50.0,eDNA only,Parkia platycephala,Fabaceae,True
50.0,eDNA only,Paspalum foliiforme,Poaceae,True
50.0,eDNA only,Passiflora glandulosa,Passifloraceae,True
50.0,eDNA only,Passiflora tholozanii,Passifloraceae,True
50.0,eDNA only,Passovia pedunculata,Loranthaceae,True
50.0,eDNA only,Perama carajensis,Rubiaceae,True
50.0,eDNA only,Phyllanthus minutulus,Phyllanthaceae,True
50.0,eDNA only,Pilocarpus carajaensis,Rutaceae,True
50.0,eDNA only,Pilocarpus microphyllus,Rutaceae,True
50.0,eDNA only,Protium sagotianum,Burseraceae,True
50.0,eDNA only,Psychotria hoffmannseggiana,Rubiaceae,False
50.0,eDNA only,Rhynchospora barbata,Cyperaceae,True
50.0,eDNA only,Sabicea grisea,Rubiaceae,True
50.0,eDNA only,Senegalia polyphylla,Fabaceae,True
50.0,eDNA only,Sinningia rupicola,Gesneriaceae,False
50.0,eDNA only,Swartzia arumateuana,Fabaceae,True
50.0,eDNA only,Tabernaemontana macrocalyx,Apocynaceae,True
50.0,eDNA only,Tilesia baccata,Asteraceae,True
50.0,eDNA only,Trichanthecium nervosum,Poaceae,False
50.0,eDNA only,Turnera coerulea,Turneraceae,True
50.0,eDNA only,Turnera glaziovii,Turneraceae,True
50.0,eDNA only,Vellozia glauca,Velloziaceae,True
50.0,Traditional only,Anthurium lindmanianum,Araceae,True
50.0,Traditional only,Axonopus purpusii,Poaceae,True
50.0,Traditional only,Byrsonima crassifolia,Malpighiaceae,True
50.0,Traditional only,Byrsonima spicata,Malpighiaceae,True
50.0,Traditional only,Callisthene microphylla,Vochysiaceae,True
50.0,Traditional only,Cereus jamacaru,Cactaceae,False
50.0,Traditional only,Cissus erosa,Vitaceae,True
50.0,Traditional only,Croton subferrugineus,Euphorbiaceae,True
50.0,Traditional only,Cuphea annulata,Lythraceae,True
50.0,Traditional only,Dioclea guianensis,Fabaceae,True
50.0,Traditional only,Lippia origanoides,Verbenaceae,True
50.0,Traditional only,Myrcia cuprea,Myrtaceae,True
50.0,Traditional only,Philodendron acutatum,Araceae,True
50.0,Traditional only,Premna serratifolia,Lamiaceae,False
100.0,Both methods,Alchornea discolor,Euphorbiaceae,True
100.0,Both methods,Anemopaegma carajasense,Bignoniaceae,True
100.0,Both methods,Banisteriopsis stellaris,Malpighiaceae,True
100.0,Both methods,Bauhinia pulchella,Fabaceae,True
100.0,Both methods,Chamaecrista desvauxii,Fabaceae,True
100.0,Both methods,Cordiera myrciifolia,Rubiaceae,True
100.0,Both methods,Erythroxylum nelson-rosae,Erythroxylaceae,True
100.0,Both methods,Eugenia flavescens,Myrtaceae,True
100.0,Both methods,Heisteria ovata,Olacaceae,True
100.0,Both methods,Ipomoea marabaensis,Convolvulaceae,True
100.0,Both methods,Mimosa acutistipula,Fabaceae,True
100.0,Both methods,Monogereion carajensis,Asteraceae,True
100.0,Both methods,Norantea guianensis,Marcgraviaceae,True
100.0,Both methods,Ouratea castaneifolia,Ochnaceae,True
100.0,Both methods,Periandra mediterranea,Fabaceae,True
100.0,Both methods,Pouteria ramiflora,Sapotaceae,True
100.0,Both methods,Simarouba amara,Simaroubaceae,True
100.0,Both methods,Sobralia liliastrum,Orchidaceae,True
100.0,Both methods,Vellozia glochidea,Velloziaceae,True
100.0,eDNA only,Abrus melanospermus,Fabaceae,True
100.0,eDNA only,Aeschynomene rudis,Fabaceae,True
100.0,eDNA only,Alternanthera tenella,Amaranthaceae,True
100.0,eDNA only,Anthaenantia lanata,Poaceae,True
100.0,eDNA only,Aspilia attenuata,Asteraceae,True
100.0,eDNA only,Axonopus longispicus,Poaceae,True
100.0,eDNA only,Banara guianensis,Salicaceae,True
100.0,eDNA only,Banisteriopsis malifolia,Malpighiaceae,True
100.0,eDNA only,Banisteriopsis muricata,Malpighiaceae,True
100.0,eDNA only,Bauhinia longipedicellata,Fabaceae,True
100.0,eDNA only,Bignonia corymbosa,Bignoniaceae,True
100.0,eDNA only,Borreria elaiosulcata,Rubiaceae,True
100.0,eDNA only,Borreria semiamplexicaulis,Rubiaceae,False
100.0,eDNA only,Borreria verticillata,Rubiaceae,True
100.0,eDNA only,Byrsonima chrysophylla,Malpighiaceae,True
100.0,eDNA only,Byrsonima stipulacea,Malpighiaceae,True
100.0,eDNA only,Casearia javitensis,Salicaceae,False
100.0,eDNA only,Cavalcantia percymosa,Asteraceae,True
100.0,eDNA only,Chamaecrista nictitans,Fabaceae,True
100.0,eDNA only,Chromolaena maximilianii,Asteraceae,False
100.0,eDNA only,Crotalaria maypurensis,Fabaceae,True
100.0,eDNA only,Cuphea carajasensis,Lythraceae,True
100.0,eDNA only,Deguelia amazonica,Fabaceae,True
100.0,eDNA only,Dioclea apurensis,Fabaceae,True
100.0,eDNA only,Dioclea bicolor,Fabaceae,False
100.0,eDNA only,Dioclea virgata,Fabaceae,True
100.0,eDNA only,Diplopterys pubipetala,Malpighiaceae,True
100.0,eDNA only,Eleocharis flavescens,Cyperaceae,True
100.0,eDNA only,Gouania pyrifolia,Rhamnaceae,False
100.0,eDNA only,Hildaea tenuis,Poaceae,True
100.0,eDNA only,Hirtella pilosissima,Chrysobalanaceae,True
100.0,eDNA only,Hydrolea spinosa,Hydroleaceae,True
100.0,eDNA only,Inga alba,Fabaceae,True
100.0,eDNA only,Inga rubiginosa,Fabaceae,True
100.0,eDNA only,Ipomoea maurandioides,Convolvulaceae,True
100.0,eDNA only,Lantana paraensis,Verbenaceae,True
100.0,eDNA only,Lippia grata,Verbenaceae,True
100.0,eDNA only,Mandevilla scabra,Apocynaceae,True
100.0,eDNA only,Manihot quinquepartita,Euphorbiaceae,True
100.0,eDNA only,Melochia arenosa,Malvaceae,True
100.0,eDNA only,Melochia splendens,Malvaceae,True
100.0,eDNA only,Miconia heliotropoides,Melastomataceae,True
100.0,eDNA only,Mimosa piresii,Fabaceae,True
100.0,eDNA only,Mimosa xanthocentra,Fabaceae,True
100.0,eDNA only,Myrcia bracteata,Myrtaceae,True
100.0,eDNA only,Myrcia guianensis,Myrtaceae,True
100.0,eDNA only,Myrcia multiflora,Myrtaceae,True
100.0,eDNA only,Myrcia sylvatica,Myrtaceae,True
100.0,eDNA only,Neea floribunda,Nyctaginaceae,True
100.0,eDNA only,Neea oppositifolia,Nyctaginaceae,True
100.0,eDNA only,Panicum arctum,Poaceae,False
100.0,eDNA only,Parapiqueria cavalcantei,Asteraceae,True
100.0,eDNA only,Parkia platycephala,Fabaceae,True
100.0,eDNA only,Paspalum foliiforme,Poaceae,True
100.0,eDNA only,Passiflora glandulosa,Passifloraceae,True
100.0,eDNA only,Passiflora tholozanii,Passifloraceae,True
100.0,eDNA only,Passovia pedunculata,Loranthaceae,True
100.0,eDNA only,Perama carajensis,Rubiaceae,True
100.0,eDNA only,Phyllanthus minutulus,Phyllanthaceae,True
100.0,eDNA only,Pilocarpus carajaensis,Rutaceae,True
100.0,eDNA only,Pilocarpus microphyllus,Rutaceae,True
100.0,eDNA only,Protium sagotianum,Burseraceae,True
100.0,eDNA only,Psychotria hoffmannseggiana,Rubiaceae,False
100.0,eDNA only,Rhynchospora barbata,Cyperaceae,True
100.0,eDNA only,Sabicea grisea,Rubiaceae,True
100.0,eDNA only,Senegalia polyphylla,Fabaceae,True
100.0,eDNA only,Sinningia rupicola,Gesneriaceae,False
100.0,eDNA only,Swartzia arumateuana,Fabaceae,True
100.0,eDNA only,Tabernaemontana macrocalyx,Apocynaceae,True
100.0,eDNA only,Tilesia baccata,Asteraceae,True
100.0,eDNA only,Trichanthecium nervosum,Poaceae,False
100.0,eDNA only,Turnera coerulea,Turneraceae,True
100.0,eDNA only,Turnera glaziovii,Turneraceae,True
100.0,eDNA only,Vellozia glauca,Velloziaceae,True
100.0,Traditional only,Anthurium lindmanianum,Araceae,True
100.0,Traditional only,Axonopus purpusii,Poaceae,True
100.0,Traditional only,Byrsonima crassifolia,Malpighiaceae,True
100.0,Traditional only,Byrsonima spicata,Malpighiaceae,True
100.0,Traditional only,Callisthene microphylla,Vochysiaceae,True
100.0,Traditional only,Cereus jamacaru,Cactaceae,False
100.0,Traditional only,Cissus erosa,Vitaceae,True
100.0,Traditional only,Croton subferrugineus,Euphorbiaceae,True
100.0,Traditional only,Cuphea annulata,Lythraceae,True
100.0,Traditional only,Dioclea guianensis,Fabaceae,True
100.0,Traditional only,Lippia origanoides,Verbenaceae,True
100.0,Traditional only,Myrcia cuprea,Myrtaceae,True
100.0,Traditional only,Philodendron acutatum,Araceae,True
100.0,Traditional only,Premna serratifolia,Lamiaceae,False
