plot,distance_km,n_records,n_species_epov,coverage_eDNA_pct,coverage_Traditional_pct
PCG-121,1.0,107,58,20.69,40.0
PCG-121,2.0,739,303,43.103,60.0
PCG-121,3.0,1322,434,53.448,86.667
PCG-121,4.0,1648,503,55.172,86.667
PCG-121,5.0,2159,605,60.345,93.333
PCG-121,6.0,2531,700,63.793,93.333
PCG-121,7.0,2933,775,67.241,93.333
PCG-121,8.0,3280,820,67.241,93.333
PCG-121,9.0,3353,835,67.241,93.333
PCG-121,10.0,3515,854,68.966,93.333
PCG-121,11.0,3717,875,70.69,93.333
PCG-121,12.0,3957,899,70.69,93.333
PCG-121,13.0,4268,924,72.414,93.333
PCG-121,14.0,4765,988,72.414,93.333
PCG-121,15.0,5100,1018,72.414,93.333
PCG-121,16.0,5623,1058,72.414,93.333
PCG-121,17.0,5686,1065,74.138,93.333
PCG-121,18.0,5733,1071,74.138,93.333
PCG-121,19.0,5762,1074,74.138,93.333
PCG-121,20.0,5815,1080,74.138,93.333
PCG-121,21.0,5851,1083,74.138,93.333
PCG-121,22.0,6010,1115,74.138,93.333
PCG-121,23.0,6248,1126,74.138,93.333
PCG-121,24.0,6506,1159,75.862,93.333
PCG-121,25.0,6756,1179,77.586,93.333
PCG-121,26.0,7070,1213,79.31,93.333
PCG-121,27.0,7734,1260,81.034,93.333
PCG-121,28.0,7881,1286,81.034,93.333
PCG-121,29.0,7977,1293,81.034,93.333
PCG-121,30.0,8211,1321,81.034,93.333
PCG-121,31.0,8347,1338,81.034,93.333
PCG-121,32.0,8472,1356,81.034,93.333
PCG-121,33.0,8601,1372,82.759,93.333
PCG-121,34.0,8679,1388,82.759,93.333
PCG-121,35.0,9427,1453,82.759,93.333
PCG-121,36.0,9655,1472,82.759,93.333
PCG-121,37.0,10011,1486,82.759,93.333
PCG-121,38.0,10371,1523,82.759,93.333
PCG-121,39.0,10653,1554,82.759,93.333
PCG-121,40.0,11095,1606,82.759,93.333
PCG-121,41.0,12122,1650,82.759,93.333
PCG-121,42.0,13047,1719,84.483,93.333
PCG-121,43.0,13894,1748,86.207,93.333
PCG-121,44.0,15478,1827,87.931,93.333
PCG-121,45.0,15990,1846,87.931,93.333
PCG-121,46.0,16488,1866,87.931,93.333
PCG-121,47.0,17795,1938,87.931,93.333
PCG-121,48.0,18154,1964,87.931,93.333
PCG-121,49.0,18857,2032,87.931,93.333
PCG-121,50.0,19635,2089,87.931,93.333
PCG-121,51.0,20657,2184,87.931,93.333
PCG-121,52.0,21056,2211,87.931,93.333
PCG-121,53.0,21178,2221,87.931,93.333
PCG-121,54.0,21365,2237,87.931,93.333
PCG-121,55.0,21640,2251,87.931,93.333
PCG-121,56.0,22159,2276,87.931,93.333
PCG-121,57.0,22217,2282,89.655,93.333
PCG-121,58.0,22459,2298,89.655,93.333
PCG-121,59.0,22531,2309,89.655,93.333
PCG-121,60.0,22604,2318,89.655,93.333
PCG-121,61.0,23022,2369,89.655,93.333
PCG-121,62.0,23173,2376,89.655,93.333
PCG-121,63.0,23362,2386,89.655,93.333
PCG-121,64.0,23387,2391,89.655,93.333
PCG-121,65.0,23396,2393,89.655,93.333
PCG-121,66.0,23475,2397,89.655,93.333
PCG-121,67.0,23563,2402,89.655,93.333
PCG-121,68.0,23567,2402,89.655,93.333
PCG-121,69.0,23795,2409,89.655,93.333
PCG-121,70.0,23866,2409,89.655,93.333
PCG-121,71.0,24660,2442,89.655,93.333
PCG-121,72.0,24677,2442,89.655,93.333
PCG-121,73.0,24712,2445,89.655,93.333
PCG-121,74.0,24985,2455,89.655,93.333
PCG-121,75.0,25105,2457,89.655,93.333
PCG-121,76.0,25226,2467,89.655,93.333
PCG-121,77.0,25308,2471,89.655,93.333
PCG-121,78.0,25326,2474,89.655,93.333
PCG-121,79.0,25329,2474,89.655,93.333
PCG-121,80.0,25330,2474,89.655,93.333
PCG-121,81.0,25344,2476,89.655,93.333
PCG-121,82.0,25464,2487,89.655,93.333
PCG-121,83.0,25625,2498,89.655,93.333
PCG-121,84.0,25633,2498,89.655,93.333
PCG-121,85.0,25637,2500,89.655,93.333
PCG-121,86.0,25638,2500,89.655,93.333
PCG-121,87.0,25801,2514,89.655,93.333
PCG-121,88.0,25818,2519,89.655,93.333
PCG-121,89.0,25870,2525,89.655,93.333
PCG-121,90.0,26190,2541,89.655,93.333
PCG-121,91.0,26274,2544,89.655,93.333
PCG-121,92.0,26336,2545,89.655,93.333
PCG-121,93.0,26419,2548,89.655,93.333
PCG-121,94.0,26512,2551,89.655,93.333
PCG-121,95.0,26540,2552,89.655,93.333
PCG-121,96.0,26635,2560,89.655,93.333
PCG-121,97.0,26663,2561,89.655,93.333
PCG-121,98.0,26666,2562,89.655,93.333
PCG-121,99.0,26674,2562,89.655,93.333
PCG-121,100.0,26689,2565,89.655,93.333
PCG-168,1.0,167,73,34.375,33.333
PCG-168,2.0,771,314,59.375,55.556
PCG-168,3.0,1346,436,75.0,77.778
PCG-168,4.0,1662,508,78.125,77.778
PCG-168,5.0,2170,607,84.375,88.889
PCG-168,6.0,2549,702,84.375,88.889
PCG-168,7.0,3035,780,84.375,88.889
PCG-168,8.0,3281,820,87.5,88.889
PCG-168,9.0,3354,835,87.5,88.889
PCG-168,10.0,3515,854,87.5,88.889
PCG-168,11.0,3734,876,87.5,88.889
PCG-168,12.0,3970,900,87.5,88.889
PCG-168,13.0,4268,924,87.5,88.889
PCG-168,14.0,4786,991,87.5,88.889
PCG-168,15.0,5492,1052,87.5,88.889
PCG-168,16.0,5630,1059,87.5,88.889
PCG-168,17.0,5687,1065,90.625,88.889
PCG-168,18.0,5734,1071,90.625,88.889
PCG-168,19.0,5760,1074,90.625,88.889
PCG-168,20.0,5817,1080,90.625,88.889
PCG-168,21.0,5856,1083,90.625,88.889
PCG-168,22.0,6011,1115,90.625,88.889
PCG-168,23.0,6283,1129,90.625,100.0
PCG-168,24.0,6533,1160,90.625,100.0
PCG-168,25.0,6761,1179,90.625,100.0
PCG-168,26.0,7104,1216,93.75,100.0
PCG-168,27.0,7761,1264,93.75,100.0
PCG-168,28.0,7879,1284,93.75,100.0
PCG-168,29.0,8009,1299,93.75,100.0
PCG-168,30.0,8248,1325,93.75,100.0
PCG-168,31.0,8347,1337,93.75,100.0
PCG-168,32.0,8475,1358,93.75,100.0
PCG-168,33.0,8604,1372,93.75,100.0
PCG-168,34.0,8747,1400,93.75,100.0
PCG-168,35.0,9569,1465,93.75,100.0
PCG-168,36.0,9677,1473,93.75,100.0
PCG-168,37.0,10037,1486,93.75,100.0
PCG-168,38.0,10386,1523,93.75,100.0
PCG-168,39.0,10729,1577,93.75,100.0
PCG-168,40.0,11153,1608,93.75,100.0
PCG-168,41.0,12195,1657,93.75,100.0
PCG-168,42.0,13122,1723,96.875,100.0
PCG-168,43.0,14198,1756,96.875,100.0
PCG-168,44.0,15584,1831,96.875,100.0
PCG-168,45.0,16217,1856,96.875,100.0
PCG-168,46.0,16491,1866,96.875,100.0
PCG-168,47.0,17810,1940,96.875,100.0
PCG-168,48.0,18179,1964,96.875,100.0
PCG-168,49.0,18877,2034,96.875,100.0
PCG-168,50.0,19707,2100,96.875,100.0
PCG-168,51.0,20684,2185,96.875,100.0
PCG-168,52.0,21069,2213,96.875,100.0
PCG-168,53.0,21205,2221,96.875,100.0
PCG-168,54.0,21396,2237,96.875,100.0
PCG-168,55.0,21640,2251,96.875,100.0
PCG-168,56.0,22159,2276,96.875,100.0
PCG-168,57.0,22217,2282,96.875,100.0
PCG-168,58.0,22460,2298,96.875,100.0
PCG-168,59.0,22530,2309,96.875,100.0
PCG-168,60.0,22605,2318,96.875,100.0
PCG-168,61.0,23031,2369,96.875,100.0
PCG-168,62.0,23182,2377,96.875,100.0
PCG-168,63.0,23366,2386,96.875,100.0
PCG-168,64.0,23387,2391,96.875,100.0
PCG-168,65.0,23397,2393,96.875,100.0
PCG-168,66.0,23531,2400,96.875,100.0
PCG-168,67.0,23564,2402,96.875,100.0
PCG-168,68.0,23567,2402,96.875,100.0
PCG-168,69.0,23795,2409,96.875,100.0
PCG-168,70.0,23870,2410,96.875,100.0
PCG-168,71.0,24660,2442,96.875,100.0
PCG-168,72.0,24679,2442,96.875,100.0
PCG-168,73.0,24713,2446,96.875,100.0
PCG-168,74.0,24985,2455,96.875,100.0
PCG-168,75.0,25105,2457,96.875,100.0
PCG-168,76.0,25214,2466,96.875,100.0
PCG-168,77.0,25308,2471,96.875,100.0
PCG-168,78.0,25315,2472,96.875,100.0
PCG-168,79.0,25329,2474,96.875,100.0
PCG-168,80.0,25330,2474,96.875,100.0
PCG-168,81.0,25344,2476,96.875,100.0
PCG-168,82.0,25467,2487,96.875,100.0
PCG-168,83.0,25625,2498,96.875,100.0
PCG-168,84.0,25633,2498,96.875,100.0
PCG-168,85.0,25637,2500,96.875,100.0
PCG-168,86.0,25638,2500,96.875,100.0
PCG-168,87.0,25796,2514,96.875,100.0
PCG-168,88.0,25818,2519,96.875,100.0
PCG-168,89.0,25870,2525,96.875,100.0
PCG-168,90.0,26190,2541,96.875,100.0
PCG-168,91.0,26299,2543,96.875,100.0
PCG-168,92.0,26347,2545,96.875,100.0
PCG-168,93.0,26452,2550,96.875,100.0
PCG-168,94.0,26512,2551,96.875,100.0
PCG-168,95.0,26540,2552,96.875,100.0
PCG-168,96.0,26634,2560,96.875,100.0
PCG-168,97.0,26663,2561,96.875,100.0
PCG-168,98.0,26666,2562,96.875,100.0
PCG-168,99.0,26676,2564,96.875,100.0
PCG-168,100.0,26690,2566,96.875,100.0
PCG-173,1.0,172,77,29.851,37.5
PCG-173,2.0,746,307,46.269,50.0
PCG-173,3.0,1343,436,62.687,62.5
PCG-173,4.0,1655,505,62.687,68.75
PCG-173,5.0,2157,604,71.642,81.25
PCG-173,6.0,2539,701,71.642,81.25
PCG-173,7.0,2953,780,73.134,87.5
PCG-173,8.0,3286,822,73.134,87.5
PCG-173,9.0,3354,835,73.134,87.5
PCG-173,10.0,3515,854,73.134,87.5
PCG-173,11.0,3715,875,74.627,87.5
PCG-173,12.0,3961,900,74.627,87.5
PCG-173,13.0,4265,924,74.627,87.5
PCG-173,14.0,4769,988,76.119,87.5
PCG-173,15.0,5491,1052,77.612,87.5
PCG-173,16.0,5625,1059,77.612,87.5
PCG-173,17.0,5689,1065,79.104,87.5
PCG-173,18.0,5732,1071,79.104,87.5
PCG-173,19.0,5762,1074,79.104,87.5
PCG-173,20.0,5819,1081,79.104,87.5
PCG-173,21.0,5856,1083,79.104,87.5
PCG-173,22.0,6038,1117,79.104,87.5
PCG-173,23.0,6278,1128,79.104,93.75
PCG-173,24.0,6572,1162,82.09,93.75
PCG-173,25.0,6792,1181,83.582,93.75
PCG-173,26.0,7105,1216,85.075,93.75
PCG-173,27.0,7772,1265,85.075,93.75
PCG-173,28.0,7879,1283,85.075,93.75
PCG-173,29.0,8009,1299,85.075,93.75
PCG-173,30.0,8246,1324,85.075,93.75
PCG-173,31.0,8348,1337,85.075,93.75
PCG-173,32.0,8484,1358,85.075,93.75
PCG-173,33.0,8606,1372,85.075,93.75
PCG-173,34.0,8759,1403,85.075,93.75
PCG-173,35.0,9571,1465,85.075,93.75
PCG-173,36.0,9679,1473,85.075,93.75
PCG-173,37.0,10038,1486,86.567,93.75
PCG-173,38.0,10386,1523,86.567,93.75
PCG-173,39.0,10730,1577,86.567,93.75
PCG-173,40.0,11196,1609,86.567,93.75
PCG-173,41.0,12197,1657,86.567,93.75
PCG-173,42.0,13161,1725,88.06,93.75
PCG-173,43.0,14294,1760,88.06,93.75
PCG-173,44.0,15593,1831,88.06,93.75
PCG-173,45.0,16221,1856,88.06,93.75
PCG-173,46.0,16491,1866,88.06,93.75
PCG-173,47.0,17840,1940,88.06,93.75
PCG-173,48.0,18180,1964,88.06,93.75
PCG-173,49.0,18891,2036,88.06,93.75
PCG-173,50.0,19771,2109,89.552,93.75
PCG-173,51.0,20684,2185,89.552,93.75
PCG-173,52.0,21080,2214,91.045,93.75
PCG-173,53.0,21210,2221,91.045,93.75
PCG-173,54.0,21398,2237,91.045,93.75
PCG-173,55.0,21647,2251,91.045,93.75
PCG-173,56.0,22161,2278,91.045,93.75
PCG-173,57.0,22218,2283,91.045,93.75
PCG-173,58.0,22458,2297,91.045,93.75
PCG-173,59.0,22549,2312,91.045,93.75
PCG-173,60.0,22605,2318,91.045,93.75
PCG-173,61.0,23030,2369,91.045,93.75
PCG-173,62.0,23182,2377,91.045,93.75
PCG-173,63.0,23350,2385,91.045,93.75
PCG-173,64.0,23387,2391,91.045,93.75
PCG-173,65.0,23398,2393,91.045,93.75
PCG-173,66.0,23531,2400,91.045,93.75
PCG-173,67.0,23564,2402,91.045,93.75
PCG-173,68.0,23568,2402,91.045,93.75
PCG-173,69.0,23795,2409,91.045,93.75
PCG-173,70.0,23870,2410,91.045,93.75
PCG-173,71.0,24660,2442,91.045,93.75
PCG-173,72.0,24680,2442,91.045,93.75
PCG-173,73.0,24714,2446,91.045,93.75
PCG-173,74.0,24989,2455,91.045,93.75
PCG-173,75.0,25105,2457,91.045,93.75
PCG-173,76.0,25210,2466,91.045,93.75
PCG-173,77.0,25308,2471,91.045,93.75
PCG-173,78.0,25311,2472,91.045,93.75
PCG-173,79.0,25328,2474,91.045,93.75
PCG-173,80.0,25330,2474,91.045,93.75
PCG-173,81.0,25344,2476,91.045,93.75
PCG-173,82.0,25467,2487,91.045,93.75
PCG-173,83.0,25625,2498,91.045,93.75
PCG-173,84.0,25634,2498,91.045,93.75
PCG-173,85.0,25637,2500,91.045,93.75
PCG-173,86.0,25638,2500,91.045,93.75
PCG-173,87.0,25796,2514,91.045,93.75
PCG-173,88.0,25818,2519,91.045,93.75
PCG-173,89.0,25870,2525,91.045,93.75
PCG-173,90.0,26190,2541,91.045,93.75
PCG-173,91.0,26299,2543,91.045,93.75
PCG-173,92.0,26347,2545,91.045,93.75
PCG-173,93.0,26460,2550,91.045,93.75
PCG-173,94.0,26527,2551,91.045,93.75
PCG-173,95.0,26540,2552,91.045,93.75
PCG-173,96.0,26598,2557,91.045,93.75
PCG-173,97.0,26663,2561,91.045,93.75
PCG-173,98.0,26666,2562,91.045,93.75
PCG-173,99.0,26676,2564,91.045,93.75
PCG-173,100.0,26690,2566,91.045,93.75
PCG-235,1.0,351,178,54.545,64.286
PCG-235,2.0,838,327,75.758,78.571
PCG-235,3.0,1213,410,78.788,78.571
PCG-235,4.0,1937,542,84.848,85.714
PCG-235,5.0,2373,617,84.848,85.714
PCG-235,6.0,2614,648,84.848,85.714
PCG-235,7.0,2878,702,84.848,85.714
PCG-235,8.0,3257,777,84.848,85.714
PCG-235,9.0,3588,828,90.909,85.714
PCG-235,10.0,4012,875,90.909,85.714
PCG-235,11.0,4127,887,90.909,85.714
PCG-235,12.0,4344,909,90.909,85.714
PCG-235,13.0,4509,929,90.909,85.714
PCG-235,14.0,4857,968,90.909,85.714
PCG-235,15.0,4993,985,90.909,85.714
PCG-235,16.0,5511,1034,90.909,85.714
PCG-235,17.0,5673,1060,90.909,85.714
PCG-235,18.0,5697,1062,90.909,85.714
PCG-235,19.0,5746,1078,90.909,85.714
PCG-235,20.0,5758,1081,90.909,85.714
PCG-235,21.0,5814,1090,90.909,85.714
PCG-235,22.0,5871,1101,90.909,85.714
PCG-235,23.0,6136,1139,90.909,85.714
PCG-235,24.0,6307,1154,90.909,85.714
PCG-235,25.0,6671,1179,90.909,85.714
PCG-235,26.0,6928,1193,93.939,85.714
PCG-235,27.0,7136,1219,93.939,85.714
PCG-235,28.0,7248,1233,93.939,85.714
PCG-235,29.0,7588,1282,93.939,85.714
PCG-235,30.0,8112,1319,93.939,85.714
PCG-235,31.0,8268,1339,93.939,85.714
PCG-235,32.0,8454,1356,93.939,85.714
PCG-235,33.0,8544,1366,93.939,85.714
PCG-235,34.0,8712,1389,93.939,85.714
PCG-235,35.0,8951,1414,93.939,85.714
PCG-235,36.0,9561,1453,93.939,85.714
PCG-235,37.0,9739,1483,93.939,85.714
PCG-235,38.0,10202,1506,93.939,85.714
PCG-235,39.0,10574,1568,93.939,85.714
PCG-235,40.0,11002,1603,93.939,85.714
PCG-235,41.0,12222,1649,93.939,85.714
PCG-235,42.0,13162,1705,93.939,85.714
PCG-235,43.0,14100,1761,96.97,85.714
PCG-235,44.0,15161,1798,96.97,85.714
PCG-235,45.0,15588,1827,96.97,85.714
PCG-235,46.0,16333,1857,96.97,85.714
PCG-235,47.0,17835,1950,96.97,85.714
PCG-235,48.0,18704,2010,96.97,85.714
PCG-235,49.0,18989,2029,96.97,85.714
PCG-235,50.0,19268,2047,96.97,85.714
PCG-235,51.0,19941,2105,96.97,85.714
PCG-235,52.0,20517,2168,96.97,85.714
PCG-235,53.0,20884,2213,96.97,85.714
PCG-235,54.0,21587,2238,96.97,85.714
PCG-235,55.0,21844,2257,96.97,85.714
PCG-235,56.0,22067,2271,96.97,85.714
PCG-235,57.0,22354,2290,96.97,85.714
PCG-235,58.0,22390,2295,96.97,85.714
PCG-235,59.0,22605,2332,96.97,85.714
PCG-235,60.0,22855,2344,96.97,85.714
PCG-235,61.0,22929,2353,96.97,85.714
PCG-235,62.0,22957,2356,96.97,85.714
PCG-235,63.0,23154,2372,96.97,85.714
PCG-235,64.0,23325,2382,96.97,85.714
PCG-235,65.0,23434,2392,96.97,85.714
PCG-235,66.0,23463,2393,96.97,85.714
PCG-235,67.0,23685,2403,96.97,85.714
PCG-235,68.0,23789,2406,96.97,85.714
PCG-235,69.0,23921,2417,96.97,85.714
PCG-235,70.0,24301,2437,96.97,85.714
PCG-235,71.0,24307,2437,96.97,85.714
PCG-235,72.0,24625,2445,96.97,85.714
PCG-235,73.0,24925,2453,96.97,85.714
PCG-235,74.0,24954,2456,96.97,85.714
PCG-235,75.0,25087,2462,96.97,85.714
PCG-235,76.0,25127,2465,96.97,85.714
PCG-235,77.0,25175,2466,96.97,85.714
PCG-235,78.0,25332,2473,96.97,85.714
PCG-235,79.0,25338,2475,96.97,85.714
PCG-235,80.0,25342,2476,96.97,85.714
PCG-235,81.0,25463,2487,96.97,85.714
PCG-235,82.0,25620,2497,96.97,85.714
PCG-235,83.0,25626,2497,96.97,85.714
PCG-235,84.0,25628,2498,96.97,85.714
PCG-235,85.0,25638,2500,96.97,85.714
PCG-235,86.0,25800,2512,96.97,85.714
PCG-235,87.0,25999,2521,96.97,85.714
PCG-235,88.0,26173,2530,96.97,85.714
PCG-235,89.0,26253,2534,96.97,85.714
PCG-235,90.0,26284,2535,96.97,85.714
PCG-235,91.0,26307,2541,96.97,85.714
PCG-235,92.0,26317,2545,96.97,85.714
PCG-235,93.0,26334,2545,96.97,85.714
PCG-235,94.0,26466,2554,96.97,85.714
PCG-235,95.0,26560,2557,96.97,85.714
PCG-235,96.0,26625,2559,96.97,85.714
PCG-235,97.0,26637,2559,96.97,85.714
PCG-235,98.0,26650,2560,96.97,85.714
PCG-235,99.0,26676,2564,96.97,85.714
PCG-235,100.0,26983,2579,96.97,85.714
