reference,level,metric,n,rho,p
eDNA,Species,n_epov,12,0.9545,0.0
eDNA,Species,coverage_pct,12,0.6527,0.0214
eDNA,Species,jaccard,12,-0.8278,0.0009
eDNA,Species,simpson,12,0.6527,0.0214
eDNA,Genus,n_epov,12,0.9596,0.0
eDNA,Genus,coverage_pct,12,0.6985,0.0115
eDNA,Genus,jaccard,12,-0.7391,0.006
eDNA,Genus,simpson,12,0.6985,0.0115
eDNA,Family,n_epov,12,0.9613,0.0
eDNA,Family,coverage_pct,12,0.4761,0.1177
eDNA,Family,jaccard,12,-0.5913,0.0429
eDNA,Family,simpson,12,0.4761,0.1177
Traditional,Species,n_epov,12,0.9545,0.0
Traditional,Species,coverage_pct,12,0.3612,0.2487
Traditional,Species,jaccard,12,-0.8574,0.0004
Traditional,Species,simpson,12,0.3612,0.2487
Traditional,Genus,n_epov,12,0.9596,0.0
Traditional,Genus,coverage_pct,12,0.0,1.0
Traditional,Genus,jaccard,12,-0.8574,0.0004
Traditional,Genus,simpson,12,0.0,1.0
Traditional,Family,n_epov,12,0.9613,0.0
Traditional,Family,coverage_pct,12,0.2739,0.3891
Traditional,Family,jaccard,12,-0.68,0.015
Traditional,Family,simpson,12,0.2739,0.3891
