family,eDNA,Traditional,ePOV_100km
Fabaceae,20,5,290
Malpighiaceae,6,3,41
Rubiaceae,7,1,104
Asteraceae,6,1,57
Poaceae,6,1,150
Myrtaceae,5,2,62
Euphorbiaceae,2,2,74
Verbenaceae,2,1,16
Velloziaceae,2,1,2
Convolvulaceae,2,1,40
Bignoniaceae,2,1,52
Turneraceae,2,0,13
Cyperaceae,2,0,97
Nyctaginaceae,2,0,11
Malvaceae,2,0,62
Salicaceae,2,0,24
Apocynaceae,2,0,57
Passifloraceae,2,0,22
Rutaceae,2,0,31
Simaroubaceae,1,1,3
Ochnaceae,1,1,8
Lythraceae,1,1,9
Marcgraviaceae,1,1,3
Olacaceae,1,1,1
Sapotaceae,1,1,31
Erythroxylaceae,1,1,11
Araceae,0,2,51
Orchidaceae,1,1,68
Rhamnaceae,1,0,4
Chrysobalanaceae,1,0,26
Hydroleaceae,1,0,1
Loranthaceae,1,0,15
Burseraceae,1,0,21
Amaranthaceae,1,0,7
Melastomataceae,1,0,88
Gesneriaceae,1,0,19
Phyllanthaceae,1,0,9
Lamiaceae,0,1,20
Cactaceae,0,1,3
Vochysiaceae,0,1,11
Vitaceae,0,1,5
